keyword,volume,kd,cpc,intent,aio_present,serp_features,page_type,target_url,release_week,sport,volume_source,peak_month,peak_month_volume
ncaa volleyball rankings,33100,35,9.27,informational,no (labs snapshot 2026-07-30),people_also_ask; related_searches; images,"ratings data page (model power ratings, every D1 team, updated daily)",/volleyball/ratings,2026-W43,volleyball,google_ads_avg_12mo,2024-11,165000
volleyball bracketology,6600,4,0.16,informational,yes (labs snapshot 2026-07-30),ai_overview; images; related_searches,"tournament simulator (Monte Carlo bracket odds; one URL per sport, evolves through the postseason)",/volleyball/ncaa-tournament-predictions,2026-W46,volleyball,google_ads_avg_12mo,2025-12,74000
nebraska vs penn state volleyball,1900,3,1.68,informational,yes (labs snapshot 2026-09-04),ai_overview; people_also_ask; video; related_searches,matchup prediction (gated),/volleyball/predictions/{away}-vs-{home}-{date},"2026-W44 (per match, gate)",volleyball,google_ads_avg_12mo,2024-12,49500
texas vs nebraska volleyball,1600,1,2.21,informational,yes (labs snapshot 2026-08-03),ai_overview; video; people_also_ask; discussions_and_forums; related_searches,matchup prediction (gated),/volleyball/predictions/{away}-vs-{home}-{date},"2026-W44 (per match, gate)",volleyball,google_ads_avg_12mo,2026-08,12100
college volleyball rankings,1526,21,,informational,unchecked,,"ratings data page (model power ratings, every D1 team, updated daily)",/volleyball/ratings,2026-W43,volleyball,"clickstream_raw (undercounts vs Ads, roughly 4-7x on this set)",2026-05,0
ncaa volleyball rpi,1300,16,,informational,yes (live 2026-10-04),ai_overview; related_searches,ratings data page: live + projected RPI/PairWise,/volleyball/rpi,2026-W45,volleyball,google_ads_avg_12mo,2025-11,8100
nebraska vs wisconsin volleyball,880,1,1.45,informational,yes (labs snapshot 2026-09-06),ai_overview; people_also_ask; video; related_searches; images,matchup prediction (gated),/volleyball/predictions/{away}-vs-{home}-{date},"2026-W44 (per match, gate)",volleyball,google_ads_avg_12mo,2024-11,27100
ncaa volleyball bracket predictions,320,0,,informational,yes (labs snapshot 2026-09-09),ai_overview; people_also_ask; images; related_searches,"tournament simulator (Monte Carlo bracket odds; one URL per sport, evolves through the postseason)",/volleyball/ncaa-tournament-predictions,2026-W46,volleyball,google_ads_avg_12mo,2025-12,2900
ncaa volleyball odds,140,0,5.05,informational,no (labs snapshot 2026-09-15),people_also_ask; related_searches,"sport predictions hub (evergreen URL, today's slate + model probabilities)",/volleyball/predictions,2026-W43,volleyball,google_ads_avg_12mo,2025-12,1300
ncaa volleyball predictions,90,9,,informational,yes (labs snapshot 2026-09-19),ai_overview; people_also_ask; images; video; discussions_and_forums; related_searches,"sport predictions hub (evergreen URL, today's slate + model probabilities)",/volleyball/predictions,2026-W43,volleyball,google_ads_avg_12mo,2024-12,720
ncaa volleyball tournament predictions,70,2,,informational,yes (labs snapshot 2026-09-22),ai_overview; people_also_ask; related_searches,"tournament simulator (Monte Carlo bracket odds; one URL per sport, evolves through the postseason)",/volleyball/ncaa-tournament-predictions,2026-W46,volleyball,google_ads_avg_12mo,2025-11,390
volleyball prediction,50,9,,informational,yes (labs snapshot 2026-07-26),ai_overview; related_searches; images,"sport predictions hub (evergreen URL, today's slate + model probabilities)",/volleyball/predictions,2026-W43,volleyball,google_ads_avg_12mo,2024-12,170
volleyball predictions,50,0,,informational,no (labs snapshot 2026-09-25),people_also_ask; perspectives; related_searches; images,"sport predictions hub (evergreen URL, today's slate + model probabilities)",/volleyball/predictions,2026-W43,volleyball,google_ads_avg_12mo,2024-12,170
ncaa volleyball picks,10,,,,unchecked,,"sport predictions hub (evergreen URL, today's slate + model probabilities)",/volleyball/predictions,2026-W43,volleyball,google_ads_avg_12mo,2025-12,70
college volleyball picks,,,,,unchecked,,"sport predictions hub (evergreen URL, today's slate + model probabilities)",/volleyball/predictions,2026-W43,volleyball,no data (Ads null; Labs has no record),,
college volleyball predictions,,,,informational,yes (live 2026-10-04),ai_overview; perspectives; video,"sport predictions hub (evergreen URL, today's slate + model probabilities)",/volleyball/predictions,2026-W43,volleyball,no data (Ads null; Labs has no record),2026-05,0
college volleyball odds,,,,informational,unchecked,,"sport predictions hub (evergreen URL, today's slate + model probabilities)",/volleyball/predictions,2026-W43,volleyball,no data (Ads null; Labs has no record),2019-12,70
college volleyball betting,,,,informational,unchecked,,"sport predictions hub (evergreen URL, today's slate + model probabilities)",/volleyball/predictions,2026-W43,volleyball,no data (Ads null; Labs has no record),2026-05,0
volleyball final four predictions,,,,,unchecked,,"tournament simulator (Monte Carlo bracket odds; one URL per sport, evolves through the postseason)",/volleyball/ncaa-tournament-predictions,2026-W46,volleyball,no data (Ads null; Labs has no record),,
nebraska vs wisconsin volleyball prediction,,,,,unchecked,,matchup prediction (gated),/volleyball/predictions/{away}-vs-{home}-{date},"2026-W44 (per match, gate)",volleyball,no data (Ads null; Labs has no record),,
nebraska volleyball prediction,,,,,unchecked,,"sport predictions hub (evergreen URL, today's slate + model probabilities)",/volleyball/predictions,2026-W43,volleyball,no data (Ads null; Labs has no record),,
ncaa hockey rankings,40500,37,,informational,no (labs snapshot 2026-07-30),people_also_ask; related_searches; images,"ratings data page (model power ratings, every D1 team, updated daily)",/hockey/ratings,2026-W45,hockey,google_ads_avg_12mo,2026-02,90500
college hockey rankings,10633,,,informational,unchecked,,"ratings data page (model power ratings, every D1 team, updated daily)",/hockey/ratings,2026-W45,hockey,"clickstream_raw (undercounts vs Ads, roughly 4-7x on this set)",2026-05,0
michigan vs michigan state hockey,1900,14,1.1,informational,yes (labs snapshot 2026-09-04),ai_overview; people_also_ask; related_searches,series prediction (gated; Fri-Sat series = one page),/hockey/predictions/{away}-vs-{home}-{fri-date},"2026-W46 (per series, gate)",hockey,google_ads_avg_12mo,2026-02,14800
pairwise rankings,1300,12,,informational,no (labs snapshot 2026-07-31),related_searches; images,ratings data page: live + projected RPI/PairWise,/hockey/pairwise-projections,2026-W48,hockey,google_ads_avg_12mo,2025-03,22200
college hockey pairwise,203,,,informational,unchecked,,ratings data page: live + projected RPI/PairWise,/hockey/pairwise-projections,2026-W48,hockey,"clickstream_raw (undercounts vs Ads, roughly 4-7x on this set)",2026-05,0
ncaa hockey odds,170,17,,informational,no (labs snapshot 2026-09-13),related_searches,"sport predictions hub (evergreen URL, today's slate + model probabilities)",/hockey/predictions,2026-W45,hockey,google_ads_avg_12mo,2025-03,1000
frozen four odds,140,4,6.95,informational,yes (labs snapshot 2026-09-13),ai_overview; related_searches,"tournament simulator (Monte Carlo bracket odds; one URL per sport, evolves through the postseason)",/hockey/ncaa-tournament-predictions,2027-W06,hockey,google_ads_avg_12mo,2026-04,1300
frozen four predictions,140,0,,informational,yes (labs snapshot 2026-09-15),ai_overview; people_also_ask; video; related_searches; images,"tournament simulator (Monte Carlo bracket odds; one URL per sport, evolves through the postseason)",/hockey/ncaa-tournament-predictions,2027-W06,hockey,google_ads_avg_12mo,2025-04,1000
ncaa hockey tournament predictions,110,6,,informational,no (labs snapshot 2026-09-17),people_also_ask; related_searches; images,"tournament simulator (Monte Carlo bracket odds; one URL per sport, evolves through the postseason)",/hockey/ncaa-tournament-predictions,2027-W06,hockey,google_ads_avg_12mo,2025-03,1900
ncaa hockey predictions,70,3,,informational,yes (labs snapshot 2026-09-22),ai_overview; people_also_ask; video; related_searches,"sport predictions hub (evergreen URL, today's slate + model probabilities)",/hockey/predictions,2026-W45,hockey,google_ads_avg_12mo,2025-03,720
college hockey betting,50,,,commercial,unchecked,,"sport predictions hub (evergreen URL, today's slate + model probabilities)",/hockey/predictions,2026-W45,hockey,"clickstream_raw (undercounts vs Ads, roughly 4-7x on this set)",2026-05,0
college hockey bracketology,50,,,informational,unchecked,,"tournament simulator (Monte Carlo bracket odds; one URL per sport, evolves through the postseason)",/hockey/ncaa-tournament-predictions,2027-W06,hockey,"clickstream_raw (undercounts vs Ads, roughly 4-7x on this set)",2026-05,0
boston college vs boston university hockey,50,,,informational,unchecked,,series prediction (gated; Fri-Sat series = one page),/hockey/predictions/{away}-vs-{home}-{fri-date},"2026-W46 (per series, gate)",hockey,"clickstream_raw (undercounts vs Ads, roughly 4-7x on this set)",2026-05,0
ncaa hockey picks,10,9,,informational,no (labs snapshot 2025-04-11),top_stories; images; related_searches,"sport predictions hub (evergreen URL, today's slate + model probabilities)",/hockey/predictions,2026-W45,hockey,google_ads_avg_12mo,2025-03,140
michigan vs michigan state hockey prediction,10,,,,yes (live 2026-10-04),ai_overview; people_also_ask; related_searches; images,series prediction (gated; Fri-Sat series = one page),/hockey/predictions/{away}-vs-{home}-{fri-date},"2026-W46 (per series, gate)",hockey,google_ads_avg_12mo,2026-02,70
college hockey picks,,,,informational,no (live 2026-10-04),people_also_ask; video; related_searches; images,"sport predictions hub (evergreen URL, today's slate + model probabilities)",/hockey/predictions,2026-W45,hockey,no data (Ads null; Labs has no record),2026-05,0
college hockey predictions,0,,,informational,unchecked,,"sport predictions hub (evergreen URL, today's slate + model probabilities)",/hockey/predictions,2026-W45,hockey,"clickstream_raw (undercounts vs Ads, roughly 4-7x on this set)",2026-05,0
college hockey odds,0,,,informational,unchecked,,"sport predictions hub (evergreen URL, today's slate + model probabilities)",/hockey/predictions,2026-W45,hockey,"clickstream_raw (undercounts vs Ads, roughly 4-7x on this set)",2026-05,0
minnesota vs wisconsin hockey prediction,,,,,unchecked,,series prediction (gated; Fri-Sat series = one page),/hockey/predictions/{away}-vs-{home}-{fri-date},"2026-W46 (per series, gate)",hockey,no data (Ads null; Labs has no record),,
college hockey prediction,,,,,unchecked,,"sport predictions hub (evergreen URL, today's slate + model probabilities)",/hockey/predictions,2026-W45,hockey,no data (Ads null; Labs has no record),,
women's bracketology,14800,30,,informational,no (labs snapshot 2026-08-03),people_also_ask; images; related_searches,"tournament simulator (Monte Carlo bracket odds; one URL per sport, evolves through the postseason)",/womens-basketball/ncaa-tournament-predictions,2027-W06,womens-basketball,google_ads_avg_12mo,2025-03,165000
women's college basketball rankings,4172,,,informational,unchecked,,"ratings data page (model power ratings, every D1 team, updated daily)",/womens-basketball/ratings,2026-W46,womens-basketball,"clickstream_raw (undercounts vs Ads, roughly 4-7x on this set)",2026-05,0
women's march madness predictions,1300,12,,informational,yes (labs snapshot 2026-07-31),ai_overview; people_also_ask; video; related_searches; images,"tournament simulator (Monte Carlo bracket odds; one URL per sport, evolves through the postseason)",/womens-basketball/ncaa-tournament-predictions,2027-W06,womens-basketball,google_ads_avg_12mo,2026-03,14800
uconn vs south carolina prediction,480,0,,informational,yes (labs snapshot 2026-09-07),ai_overview; people_also_ask; related_searches,matchup prediction (gated) - tentpole,/womens-basketball/predictions/south-carolina-vs-uconn-2026-11-24,2026-W48,womens-basketball,google_ads_avg_12mo,2025-04,22200
south carolina vs uconn prediction,260,0,,informational,yes (live 2026-10-04),ai_overview; people_also_ask; video; images; related_searches,matchup prediction (gated) - tentpole,/womens-basketball/predictions/south-carolina-vs-uconn-2026-11-24,2026-W48,womens-basketball,google_ads_avg_12mo,2026-04,2900
ncaaw odds,210,18,,informational,no (labs snapshot 2026-09-11),people_also_ask; related_searches,"sport predictions hub (evergreen URL, today's slate + model probabilities)",/womens-basketball/predictions,2026-W46,womens-basketball,google_ads_avg_12mo,2025-03,1300
women's final four odds,170,26,,informational,yes (labs snapshot 2026-09-12),ai_overview; people_also_ask; related_searches,"tournament simulator (Monte Carlo bracket odds; one URL per sport, evolves through the postseason)",/womens-basketball/ncaa-tournament-predictions,2027-W06,womens-basketball,google_ads_avg_12mo,2026-04,1600
ncaa women's basketball predictions,170,0,,informational,"yes (labs, via competitor ranked_keywords Sep 2026)",ai_overview; people_also_ask; related_searches; images,"sport predictions hub (evergreen URL, today's slate + model probabilities)",/womens-basketball/predictions,2026-W46,womens-basketball,labs via dimers.com-college ranked_keywords,2026-03,1300
ncaaw predictions today,170,9,,informational,"yes (labs, via competitor ranked_keywords Sep 2026)",ai_overview; people_also_ask; related_searches,"sport predictions hub (evergreen URL, today's slate + model probabilities)",/womens-basketball/predictions,2026-W46,womens-basketball,labs via dimers.com-college ranked_keywords,2026-03,1000
women's college basketball predictions,152,,,informational,unchecked,,"sport predictions hub (evergreen URL, today's slate + model probabilities)",/womens-basketball/predictions,2026-W46,womens-basketball,"clickstream_raw (undercounts vs Ads, roughly 4-7x on this set)",2026-05,0
women's bracket predictions,140,12,,informational,yes (labs snapshot 2026-09-14),ai_overview; people_also_ask; related_searches; images,"tournament simulator (Monte Carlo bracket odds; one URL per sport, evolves through the postseason)",/womens-basketball/ncaa-tournament-predictions,2027-W06,womens-basketball,google_ads_avg_12mo,2025-03,1900
women's college basketball odds,101,,,informational,unchecked,,"sport predictions hub (evergreen URL, today's slate + model probabilities)",/womens-basketball/predictions,2026-W46,womens-basketball,"clickstream_raw (undercounts vs Ads, roughly 4-7x on this set)",2026-05,0
women's final four predictions,90,11,,informational,yes (labs snapshot 2026-09-18),ai_overview; people_also_ask; related_searches,"tournament simulator (Monte Carlo bracket odds; one URL per sport, evolves through the postseason)",/womens-basketball/ncaa-tournament-predictions,2027-W06,womens-basketball,google_ads_avg_12mo,2025-04,1600
ncaa women's basketball picks,90,0,,informational,"no (labs, via competitor ranked_keywords Sep 2026)",people_also_ask; related_searches,"sport predictions hub (evergreen URL, today's slate + model probabilities)",/womens-basketball/predictions,2026-W46,womens-basketball,labs via dimers.com-college ranked_keywords,2026-03,590
ncaaw picks,70,29,,informational,no (labs snapshot 2024-07-05),images; related_searches,"sport predictions hub (evergreen URL, today's slate + model probabilities)",/womens-basketball/predictions,2026-W46,womens-basketball,google_ads_avg_12mo,2025-03,880
women's ncaa tournament predictions,50,0,,informational,yes (labs snapshot 2026-09-25),ai_overview; people_also_ask; video; related_searches; images,"tournament simulator (Monte Carlo bracket odds; one URL per sport, evolves through the postseason)",/womens-basketball/ncaa-tournament-predictions,2027-W06,womens-basketball,google_ads_avg_12mo,2025-03,720
ncaa women's basketball picks today,50,8,,transactional,"yes (labs, via competitor ranked_keywords Sep 2026)",ai_overview; people_also_ask; related_searches,"sport predictions hub (evergreen URL, today's slate + model probabilities)",/womens-basketball/predictions,2026-W46,womens-basketball,labs via dimers.com-college ranked_keywords,2026-03,320
ncaaw predictions,40,47,,informational,no (labs snapshot 2023-10-05),images; people_also_search; related_searches,"sport predictions hub (evergreen URL, today's slate + model probabilities)",/womens-basketball/predictions,2026-W46,womens-basketball,google_ads_avg_12mo,2025-03,1000
women's college basketball picks,,,,informational,yes (live 2026-10-04),ai_overview; related_searches,"sport predictions hub (evergreen URL, today's slate + model probabilities)",/womens-basketball/predictions,2026-W46,womens-basketball,no data (Ads null; Labs has no record),2026-05,0
women's college basketball betting,,,,,unchecked,,"sport predictions hub (evergreen URL, today's slate + model probabilities)",/womens-basketball/predictions,2026-W46,womens-basketball,no data (Ads null; Labs has no record),,
womens college basketball picks,,,,,unchecked,,"sport predictions hub (evergreen URL, today's slate + model probabilities)",/womens-basketball/predictions,2026-W46,womens-basketball,no data (Ads null; Labs has no record),,
womens college basketball predictions,,,,,unchecked,,"sport predictions hub (evergreen URL, today's slate + model probabilities)",/womens-basketball/predictions,2026-W46,womens-basketball,no data (Ads null; Labs has no record),,
womens college basketball odds,,,,,unchecked,,"sport predictions hub (evergreen URL, today's slate + model probabilities)",/womens-basketball/predictions,2026-W46,womens-basketball,no data (Ads null; Labs has no record),,
south carolina vs lsu womens basketball prediction,,,,,unchecked,,matchup prediction (gated),/womens-basketball/predictions/{away}-vs-{home}-{date},"2026-W46 (per game, gate)",womens-basketball,no data (Ads null; Labs has no record),,
ncaa baseball rankings,60500,53,,informational,yes (labs snapshot 2026-07-30),ai_overview; perspectives; people_also_ask; related_searches; images,"ratings data page (model power ratings, every D1 team, updated daily)",/baseball/ratings,2027-W04,baseball,google_ads_avg_12mo,2025-05,301000
college baseball rankings,15212,,,informational,yes (live 2026-10-04),ai_overview; perspectives; people_also_ask; related_searches,"ratings data page (model power ratings, every D1 team, updated daily)",/baseball/ratings,2027-W04,baseball,"clickstream_raw (undercounts vs Ads, roughly 4-7x on this set)",2026-05,0
d1 baseball rankings,14800,29,,informational,no (labs snapshot 2026-09-02),people_also_ask; perspectives; related_searches; images,"ratings data page (model power ratings, every D1 team, updated daily)",/baseball/ratings,2027-W04,baseball,google_ads_avg_12mo,2025-05,60500
baseball rpi,14800,27,,informational,"no (labs, via competitor ranked_keywords Sep 2026)",people_also_ask; related_searches,ratings data page: live + projected RPI/PairWise,/baseball/rpi,2027-W08,baseball,labs via warrennolan.com ranked_keywords,2026-05,74000
ncaa baseball rpi,6600,19,,informational,"no (labs, via competitor ranked_keywords Sep 2026)",perspectives; related_searches,ratings data page: live + projected RPI/PairWise,/baseball/rpi,2027-W08,baseball,labs via warrennolan.com ranked_keywords,2026-05,40500
baseball bracketology,5400,5,0.29,informational,yes (labs snapshot 2026-07-30),ai_overview; people_also_ask; related_searches; images,"tournament simulator (Monte Carlo bracket odds; one URL per sport, evolves through the postseason)",/baseball/ncaa-tournament-predictions,2027-W16,baseball,google_ads_avg_12mo,2025-10,27100
ncaa baseball tournament predictions,3600,40,,informational,no (labs snapshot 2023-10-11),featured_snippet; people_also_ask; related_searches,"tournament simulator (Monte Carlo bracket odds; one URL per sport, evolves through the postseason)",/baseball/ncaa-tournament-predictions,2027-W16,baseball,google_ads_avg_12mo,2026-05,40500
college baseball rpi,2594,,,informational,unchecked,,ratings data page: live + projected RPI/PairWise,/baseball/rpi,2027-W08,baseball,"clickstream_raw (undercounts vs Ads, roughly 4-7x on this set)",2026-05,0
ncaa baseball regional predictions,1600,14,,informational,no (labs snapshot 2023-12-11),images; related_searches; product_considerations,"tournament simulator (Monte Carlo bracket odds; one URL per sport, evolves through the postseason)",/baseball/ncaa-tournament-predictions,2027-W16,baseball,google_ads_avg_12mo,2026-05,18100
ncaa baseball predictions,480,20,,informational,yes (labs snapshot 2026-08-03),ai_overview; people_also_ask; video; related_searches; images,"sport predictions hub (evergreen URL, today's slate + model probabilities)",/baseball/predictions,2026-W43 (off-season state) / 2027-W07 live,baseball,google_ads_avg_12mo,2025-05,2900
college baseball odds,407,,,informational,unchecked,,"sport predictions hub (evergreen URL, today's slate + model probabilities)",/baseball/predictions,2026-W43 (off-season state) / 2027-W07 live,baseball,"clickstream_raw (undercounts vs Ads, roughly 4-7x on this set)",2026-05,0
ncaa baseball odds,390,0,,informational,no (labs snapshot 2026-08-03),related_searches,"sport predictions hub (evergreen URL, today's slate + model probabilities)",/baseball/predictions,2026-W43 (off-season state) / 2027-W07 live,baseball,google_ads_avg_12mo,2025-06,2900
tennessee vs lsu baseball,320,0,,informational,yes (labs snapshot 2026-09-08),ai_overview; people_also_ask; video; related_searches,series prediction (gated; weekend series = one page),/baseball/predictions/{away}-vs-{home}-{date},"2027 season (per series, gate)",baseball,google_ads_avg_12mo,2025-04,5400
college world series odds,305,,,informational,yes (live 2026-10-04),ai_overview; people_also_ask; images; related_searches,"tournament simulator (Monte Carlo bracket odds; one URL per sport, evolves through the postseason)",/baseball/ncaa-tournament-predictions,2027-W16,baseball,"clickstream_raw (undercounts vs Ads, roughly 4-7x on this set)",2026-05,0
ncaa baseball picks,170,11,,informational,no (labs snapshot 2026-09-13),people_also_ask; related_searches,"sport predictions hub (evergreen URL, today's slate + model probabilities)",/baseball/predictions,2026-W43 (off-season state) / 2027-W07 live,baseball,google_ads_avg_12mo,2025-06,1300
college baseball picks today,101,,,informational,unchecked,,"sport predictions hub (evergreen URL, today's slate + model probabilities)",/baseball/predictions,2026-W43 (off-season state) / 2027-W07 live,baseball,"clickstream_raw (undercounts vs Ads, roughly 4-7x on this set)",2026-05,0
college world series predictions,101,,,informational,unchecked,,"tournament simulator (Monte Carlo bracket odds; one URL per sport, evolves through the postseason)",/baseball/ncaa-tournament-predictions,2027-W16,baseball,"clickstream_raw (undercounts vs Ads, roughly 4-7x on this set)",2026-05,0
super regional predictions,70,0,,informational,yes (labs snapshot 2026-09-22),ai_overview; video; related_searches,"tournament simulator (Monte Carlo bracket odds; one URL per sport, evolves through the postseason)",/baseball/ncaa-tournament-predictions,2027-W16,baseball,google_ads_avg_12mo,2025-06,4400
college baseball picks,50,,,informational,volatile: no then yes (2 live checks 2026-10-04),ai_overview; related_searches; images,"sport predictions hub (evergreen URL, today's slate + model probabilities)",/baseball/predictions,2026-W43 (off-season state) / 2027-W07 live,baseball,"clickstream_raw (undercounts vs Ads, roughly 4-7x on this set)",2026-05,0
college baseball predictions,50,,,informational,unchecked,,"sport predictions hub (evergreen URL, today's slate + model probabilities)",/baseball/predictions,2026-W43 (off-season state) / 2027-W07 live,baseball,"clickstream_raw (undercounts vs Ads, roughly 4-7x on this set)",2026-05,0
college baseball best bets,50,,,informational,unchecked,,"sport predictions hub (evergreen URL, today's slate + model probabilities)",/baseball/predictions,2026-W43 (off-season state) / 2027-W07 live,baseball,"clickstream_raw (undercounts vs Ads, roughly 4-7x on this set)",2026-05,0
ncaa baseball betting,50,0,,informational,yes (labs snapshot 2026-09-27),ai_overview; people_also_ask; images; related_searches,"sport predictions hub (evergreen URL, today's slate + model probabilities)",/baseball/predictions,2026-W43 (off-season state) / 2027-W07 live,baseball,google_ads_avg_12mo,2025-06,390
mcws odds,50,39,,informational,no (labs snapshot 2023-09-02),people_also_ask; images; related_searches,"tournament simulator (Monte Carlo bracket odds; one URL per sport, evolves through the postseason)",/baseball/ncaa-tournament-predictions,2027-W16,baseball,google_ads_avg_12mo,2025-06,720
d1 baseball predictions,30,22,,informational,no (labs snapshot 2024-06-21),twitter; images; related_searches,"sport predictions hub (evergreen URL, today's slate + model probabilities)",/baseball/predictions,2026-W43 (off-season state) / 2027-W07 live,baseball,google_ads_avg_12mo,2025-05,320
sec baseball tournament predictions,20,0,,informational,yes (labs snapshot 2025-04-11),ai_overview,"tournament simulator (Monte Carlo bracket odds; one URL per sport, evolves through the postseason)",/baseball/ncaa-tournament-predictions,2027-W16,baseball,google_ads_avg_12mo,2025-05,320
lsu vs tennessee baseball prediction,10,0,,informational,yes (live 2026-10-04),ai_overview; people_also_ask; related_searches,series prediction (gated; weekend series = one page),/baseball/predictions/{away}-vs-{home}-{date},"2027 season (per series, gate)",baseball,google_ads_avg_12mo,2026-04,70
texas vs texas a&m baseball prediction,10,13,,informational,no (labs snapshot 2023-08-28),images; related_searches,series prediction (gated; weekend series = one page),/baseball/predictions/{away}-vs-{home}-{date},"2027 season (per series, gate)",baseball,google_ads_avg_12mo,2026-04,140
lsu vs arkansas baseball prediction,10,0,,informational,no (labs snapshot 2026-04-30),video; people_also_ask; images; related_searches,series prediction (gated; weekend series = one page),/baseball/predictions/{away}-vs-{home}-{date},"2027 season (per series, gate)",baseball,google_ads_avg_12mo,2025-06,1900
arkansas vs lsu baseball prediction,10,0,,informational,yes (labs snapshot 2026-05-04),ai_overview; people_also_ask; video; discussions_and_forums; images; related_searches,series prediction (gated; weekend series = one page),/baseball/predictions/{away}-vs-{home}-{date},"2027 season (per series, gate)",baseball,google_ads_avg_12mo,2025-06,1300
college baseball betting,0,,,commercial,unchecked,,"sport predictions hub (evergreen URL, today's slate + model probabilities)",/baseball/predictions,2026-W43 (off-season state) / 2027-W07 live,baseball,"clickstream_raw (undercounts vs Ads, roughly 4-7x on this set)",2026-05,0
college baseball power rankings,0,,,informational,unchecked,,"ratings data page (model power ratings, every D1 team, updated daily)",/baseball/ratings,2027-W04,baseball,"clickstream_raw (undercounts vs Ads, roughly 4-7x on this set)",2026-05,0
college baseball projections,,,,,unchecked,,"ratings data page (model power ratings, every D1 team, updated daily)",/baseball/ratings,2027-W04,baseball,no data (Ads null; Labs has no record),,
d1 baseball picks,,,,,unchecked,,"sport predictions hub (evergreen URL, today's slate + model probabilities)",/baseball/predictions,2026-W43 (off-season state) / 2027-W07 live,baseball,no data (Ads null; Labs has no record),,
college world series picks,0,,,informational,unchecked,,"tournament simulator (Monte Carlo bracket odds; one URL per sport, evolves through the postseason)",/baseball/ncaa-tournament-predictions,2027-W16,baseball,"clickstream_raw (undercounts vs Ads, roughly 4-7x on this set)",2026-05,0
college baseball field of 64 projections,,,,,unchecked,,"tournament simulator (Monte Carlo bracket odds; one URL per sport, evolves through the postseason)",/baseball/ncaa-tournament-predictions,2027-W16,baseball,no data (Ads null; Labs has no record),,
college baseball prediction,,,,,unchecked,,"sport predictions hub (evergreen URL, today's slate + model probabilities)",/baseball/predictions,2026-W43 (off-season state) / 2027-W07 live,baseball,no data (Ads null; Labs has no record),,
college baseball betting trends,0,,,informational,unchecked,,"sport predictions hub (evergreen URL, today's slate + model probabilities)",/baseball/predictions,2026-W43 (off-season state) / 2027-W07 live,baseball,"clickstream_raw (undercounts vs Ads, roughly 4-7x on this set)",2026-05,0
ncaa softball rankings,27100,34,,informational,yes (labs snapshot 2026-07-30),ai_overview; people_also_ask; related_searches; images,"ratings data page (model power ratings, every D1 team, updated daily)",/softball/ratings,2027-W04,softball,google_ads_avg_12mo,2026-04,135000
softball rankings,8100,43,,informational,no (labs snapshot 2026-07-30),people_also_ask; perspectives; related_searches; images,"ratings data page (model power ratings, every D1 team, updated daily)",/softball/ratings,2027-W04,softball,google_ads_avg_12mo,2026-04,40500
college softball rankings,2340,,,informational,unchecked,,"ratings data page (model power ratings, every D1 team, updated daily)",/softball/ratings,2027-W04,softball,"clickstream_raw (undercounts vs Ads, roughly 4-7x on this set)",2026-05,0
ncaa softball rpi,1900,17,,informational,"no (labs, via competitor ranked_keywords Sep 2026)",related_searches,ratings data page: live + projected RPI/PairWise,/softball/rpi,2027-W08,softball,labs via warrennolan.com ranked_keywords,2026-05,8100
texas vs oklahoma softball,720,0,,informational,yes (labs snapshot 2026-08-02),ai_overview; video; people_also_ask; related_searches; images,series prediction (gated; weekend series = one page),/softball/predictions/{away}-vs-{home}-{date},"2027 season (per series, gate)",softball,google_ads_avg_12mo,2025-05,12100
softball bracketology,480,2,,informational,yes (labs snapshot 2026-09-03),ai_overview; images; related_searches,"tournament simulator (Monte Carlo bracket odds; one URL per sport, evolves through the postseason)",/softball/ncaa-tournament-predictions,2027-W16,softball,google_ads_avg_12mo,2026-05,3600
ncaa softball predictions,110,0,,informational,yes (labs snapshot 2026-09-17),ai_overview; people_also_ask; video; related_searches; images,"sport predictions hub (evergreen URL, today's slate + model probabilities)",/softball/predictions,2027-W07,softball,google_ads_avg_12mo,2026-05,1000
college softball rpi,101,,,informational,unchecked,,ratings data page: live + projected RPI/PairWise,/softball/rpi,2027-W08,softball,"clickstream_raw (undercounts vs Ads, roughly 4-7x on this set)",2026-05,0
ncaa softball odds,90,0,,informational,yes (labs snapshot 2026-09-19),ai_overview; people_also_ask; related_searches,"sport predictions hub (evergreen URL, today's slate + model probabilities)",/softball/predictions,2027-W07,softball,google_ads_avg_12mo,2026-05,720
wcws odds,90,0,,informational,yes (labs snapshot 2026-09-18),ai_overview; people_also_ask; related_searches,"tournament simulator (Monte Carlo bracket odds; one URL per sport, evolves through the postseason)",/softball/ncaa-tournament-predictions,2027-W16,softball,google_ads_avg_12mo,2026-05,720
college softball odds,50,,,informational,unchecked,,"sport predictions hub (evergreen URL, today's slate + model probabilities)",/softball/predictions,2027-W07,softball,"clickstream_raw (undercounts vs Ads, roughly 4-7x on this set)",2026-05,0
ncaa softball tournament predictions,50,0,,informational,yes (labs snapshot 2026-09-27),ai_overview; people_also_ask; images,"tournament simulator (Monte Carlo bracket odds; one URL per sport, evolves through the postseason)",/softball/ncaa-tournament-predictions,2027-W16,softball,google_ads_avg_12mo,2025-05,590
wcws predictions,30,0,,informational,yes (labs snapshot 2026-08-25),ai_overview; related_searches,"tournament simulator (Monte Carlo bracket odds; one URL per sport, evolves through the postseason)",/softball/ncaa-tournament-predictions,2027-W16,softball,google_ads_avg_12mo,2025-05,720
ncaa softball picks,10,,,informational,unchecked,,"sport predictions hub (evergreen URL, today's slate + model probabilities)",/softball/predictions,2027-W07,softball,google_ads_avg_12mo,2025-05,70
oklahoma vs texas softball prediction,10,,,informational,unchecked,,series prediction (gated; weekend series = one page),/softball/predictions/{away}-vs-{home}-{date},"2027 season (per series, gate)",softball,google_ads_avg_12mo,2025-05,50
oklahoma softball odds,10,,,informational,unchecked,,"sport predictions hub (evergreen URL, today's slate + model probabilities)",/softball/predictions,2027-W07,softball,google_ads_avg_12mo,2026-05,30
college softball picks,,,,,yes (live 2026-10-04),ai_overview; people_also_ask; video; related_searches; images,"sport predictions hub (evergreen URL, today's slate + model probabilities)",/softball/predictions,2027-W07,softball,no data (Ads null; Labs has no record),,
college softball predictions,,,,informational,unchecked,,"sport predictions hub (evergreen URL, today's slate + model probabilities)",/softball/predictions,2027-W07,softball,no data (Ads null; Labs has no record),2026-05,0
college softball betting,,,,,unchecked,,"sport predictions hub (evergreen URL, today's slate + model probabilities)",/softball/predictions,2027-W07,softball,no data (Ads null; Labs has no record),,
women's college world series odds,,,,informational,unchecked,,"tournament simulator (Monte Carlo bracket odds; one URL per sport, evolves through the postseason)",/softball/ncaa-tournament-predictions,2027-W16,softball,no data (Ads null; Labs has no record),2026-05,0
women's college world series predictions,,,,informational,unchecked,,"tournament simulator (Monte Carlo bracket odds; one URL per sport, evolves through the postseason)",/softball/ncaa-tournament-predictions,2027-W16,softball,no data (Ads null; Labs has no record),2019-05,50
softball prediction,,,,,unchecked,,"sport predictions hub (evergreen URL, today's slate + model probabilities)",/softball/predictions,2027-W07,softball,no data (Ads null; Labs has no record),,
ncaa lacrosse rankings,9900,30,,informational,no (labs snapshot 2026-07-30),people_also_ask; related_searches; images,"ratings data page (model power ratings, every D1 team, updated daily)",/lacrosse/ratings,2027-W04,lacrosse,google_ads_avg_12mo,2025-04,40500
college lacrosse rankings,1679,,,informational,unchecked,,"ratings data page (model power ratings, every D1 team, updated daily)",/lacrosse/ratings,2027-W04,lacrosse,"clickstream_raw (undercounts vs Ads, roughly 4-7x on this set)",2026-05,0
notre dame vs syracuse lacrosse,1300,0,,informational,yes (labs snapshot 2026-08-01),ai_overview; video; short_videos; related_searches,matchup prediction (gated),/lacrosse/predictions/{away}-vs-{home}-{date},"2027 season (per game, gate)",lacrosse,google_ads_avg_12mo,2026-05,12100
ncaa lacrosse odds,70,0,,informational,no (labs snapshot 2026-07-18),related_searches,"sport predictions hub (evergreen URL, today's slate + model probabilities)",/lacrosse/predictions,2027-W07,lacrosse,google_ads_avg_12mo,2025-05,720
maryland vs johns hopkins lacrosse,50,0,,informational,yes (labs snapshot 2026-09-27),ai_overview; video; people_also_ask; related_searches; images,matchup prediction (gated),/lacrosse/predictions/{away}-vs-{home}-{date},"2027 season (per game, gate)",lacrosse,google_ads_avg_12mo,2026-04,480
ncaa lacrosse predictions,30,0,,informational,no (labs snapshot 2026-08-28),people_also_ask; discussions_and_forums; related_searches,"sport predictions hub (evergreen URL, today's slate + model probabilities)",/lacrosse/predictions,2027-W07,lacrosse,google_ads_avg_12mo,2025-05,390
ncaa lacrosse tournament predictions,30,9,,informational,yes (labs snapshot 2026-08-28),ai_overview; people_also_ask; discussions_and_forums; related_searches,"tournament simulator (Monte Carlo bracket odds; one URL per sport, evolves through the postseason)",/lacrosse/ncaa-tournament-predictions,2027-W16,lacrosse,google_ads_avg_12mo,2025-05,320
ncaa lacrosse picks,10,,,informational,unchecked,,"sport predictions hub (evergreen URL, today's slate + model probabilities)",/lacrosse/predictions,2027-W07,lacrosse,google_ads_avg_12mo,2025-05,90
lacrosse predictions,10,1,,informational,no (labs snapshot 2026-03-02),perspectives; related_searches; people_also_search; images,"sport predictions hub (evergreen URL, today's slate + model probabilities)",/lacrosse/predictions,2027-W07,lacrosse,google_ads_avg_12mo,2025-05,140
college lacrosse picks,,,,,no (live 2026-10-04),related_searches,"sport predictions hub (evergreen URL, today's slate + model probabilities)",/lacrosse/predictions,2027-W07,lacrosse,no data (Ads null; Labs has no record),,
college lacrosse predictions,,,,,unchecked,,"sport predictions hub (evergreen URL, today's slate + model probabilities)",/lacrosse/predictions,2027-W07,lacrosse,no data (Ads null; Labs has no record),,
college lacrosse odds,,,,informational,unchecked,,"sport predictions hub (evergreen URL, today's slate + model probabilities)",/lacrosse/predictions,2027-W07,lacrosse,no data (Ads null; Labs has no record),2026-05,0
college lacrosse betting,,,,informational,unchecked,,"sport predictions hub (evergreen URL, today's slate + model probabilities)",/lacrosse/predictions,2027-W07,lacrosse,no data (Ads null; Labs has no record),2026-05,0
lacrosse final four predictions,,,,,unchecked,,"tournament simulator (Monte Carlo bracket odds; one URL per sport, evolves through the postseason)",/lacrosse/ncaa-tournament-predictions,2027-W16,lacrosse,no data (Ads null; Labs has no record),,
d1 picks,,,,,unchecked,,home (brand),/,2026-W41,multi,no data (Ads null; Labs has no record),,
d1picks,,,,,unchecked,,home (brand),/,2026-W41,multi,no data (Ads null; Labs has no record),,
ncaa volleyball scores,27100,18,,informational,no (labs snapshot 2026-07-30),people_also_ask; related_searches; images,skip: scoreboard intent (ESPN/NCAA own it); slate page shows results but does not target,,,volleyball,google_ads_avg_12mo,2025-12,135000
college volleyball scores,559,,,informational,unchecked,,skip: scoreboard intent (ESPN/NCAA own it); slate page shows results but does not target,,,volleyball,"clickstream_raw (undercounts vs Ads, roughly 4-7x on this set)",2026-08,0
ncaa hockey scores,27100,29,,informational,no (labs snapshot 2026-07-30),people_also_ask; related_searches,skip: scoreboard intent (ESPN/NCAA own it); slate page shows results but does not target,,,hockey,google_ads_avg_12mo,2025-03,135000
college hockey scores,4273,,,informational,unchecked,,skip: scoreboard intent (ESPN/NCAA own it); slate page shows results but does not target,,,hockey,"clickstream_raw (undercounts vs Ads, roughly 4-7x on this set)",2026-05,0
women's college basketball scores,305,,,informational,unchecked,,skip: scoreboard intent (ESPN/NCAA own it); slate page shows results but does not target,,,womens-basketball,"clickstream_raw (undercounts vs Ads, roughly 4-7x on this set)",2026-05,0
ncaa baseball scores,165000,31,,informational,no (labs snapshot 2026-07-30),people_also_ask; images; related_searches,skip: scoreboard intent (ESPN/NCAA own it); slate page shows results but does not target,,,baseball,google_ads_avg_12mo,2025-06,1220000
d1baseball,40500,44,,informational,no (labs snapshot 2026-09-02),twitter; related_searches; images,skip: navigational (competitor/data brand),,,baseball,google_ads_avg_12mo,2026-05,135000
d1 baseball scores,33100,42,,informational,no (labs snapshot 2026-07-30),related_searches; images,skip: scoreboard intent (ESPN/NCAA own it); slate page shows results but does not target,,,baseball,google_ads_avg_12mo,2026-05,135000
college baseball scores,10989,,,informational,unchecked,,skip: scoreboard intent (ESPN/NCAA own it); slate page shows results but does not target,,,baseball,"clickstream_raw (undercounts vs Ads, roughly 4-7x on this set)",2026-05,0
how to bet on college baseball,,,,,yes (live 2026-10-04),ai_overview; people_also_ask; related_searches,"drop: generic how-to, AIO-answered (fold a short legality note into hub FAQ)",,,baseball,no data (Ads null; Labs has no record),,
college baseball betting tips,,,,informational,unchecked,,"drop: generic how-to, AIO-answered (fold a short legality note into hub FAQ)",,,baseball,no data (Ads null; Labs has no record),2026-05,0
is college baseball betting legal,,,,,unchecked,,"drop: generic how-to, AIO-answered (fold a short legality note into hub FAQ)",,,baseball,no data (Ads null; Labs has no record),,
can you bet on college baseball,,,,informational,unchecked,,"drop: generic how-to, AIO-answered (fold a short legality note into hub FAQ)",,,baseball,no data (Ads null; Labs has no record),2020-02,170
ncaa softball scores,60500,29,,informational,no (labs snapshot 2026-07-30),people_also_ask; related_searches; images,skip: scoreboard intent (ESPN/NCAA own it); slate page shows results but does not target,,,softball,google_ads_avg_12mo,2026-05,450000
college softball scores,559,,,informational,unchecked,,skip: scoreboard intent (ESPN/NCAA own it); slate page shows results but does not target,,,softball,"clickstream_raw (undercounts vs Ads, roughly 4-7x on this set)",2026-05,0
college lacrosse scores,356,,,informational,unchecked,,skip: scoreboard intent (ESPN/NCAA own it); slate page shows results but does not target,,,lacrosse,"clickstream_raw (undercounts vs Ads, roughly 4-7x on this set)",2026-05,0
covers,246000,36,5.57,informational,no (labs snapshot 2026-09-02),images; related_searches,skip: navigational (competitor/data brand),,,multi,google_ads_avg_12mo,2025-11,368000
pickswise,135000,13,19.05,informational,no (labs snapshot 2026-07-30),related_searches; images,skip: navigational (competitor/data brand),,,multi,google_ads_avg_12mo,2025-11,201000
oddshark,135000,,12.11,,unchecked,,skip: navigational (competitor/data brand),,,multi,google_ads_avg_12mo,2025-12,201000
action network,49500,37,13.99,informational,no (labs snapshot 2026-07-30),twitter; related_searches; knowledge_graph; images,skip: navigational (competitor/data brand),,,multi,google_ads_avg_12mo,2025-10,74000
sportsline,49500,42,16.49,navigational,no (labs snapshot 2026-07-30),related_searches; images,skip: navigational (competitor/data brand),,,multi,google_ads_avg_12mo,2025-11,74000
dimers,27100,43,8.59,informational,yes (labs snapshot 2026-07-30),ai_overview; people_also_ask; twitter; related_searches; images,skip: navigational (competitor/data brand),,,multi,google_ads_avg_12mo,2025-12,40500
massey ratings,9900,9,,informational,no (labs snapshot 2026-07-30),people_also_ask; discussions_and_forums; related_searches,skip: navigational (competitor/data brand),,,multi,google_ads_avg_12mo,2025-11,22200
sagarin ratings,6600,31,,commercial,no (labs snapshot 2026-07-30),knowledge_graph; people_also_ask; discussions_and_forums; related_searches; images,skip: navigational (competitor/data brand),,,multi,google_ads_avg_12mo,2025-11,22200
warren nolan,4400,2,,informational,no (labs snapshot 2026-07-30),images; related_searches,skip: navigational (competitor/data brand),,,multi,google_ads_avg_12mo,2026-03,12100
free picks,3600,38,8.1,informational,no (labs snapshot 2026-09-04),related_searches; images,"skip: too broad, dominated",,,multi,google_ads_avg_12mo,2025-03,5400
sports betting picks,1300,79,10.86,commercial,no (labs snapshot 2026-07-31),related_searches; images,"skip: too broad, dominated",,,multi,google_ads_avg_12mo,2024-11,8100
her hoop stats,590,96,,informational,no (labs snapshot 2026-08-02),related_searches; images,skip: navigational (competitor/data brand),,,multi,google_ads_avg_12mo,2026-04,1300
bracketology,110000,40,3.07,informational,no (labs snapshot 2026-07-30),product_considerations; twitter; related_searches; images,defer: men's CBB SERPs owned by big brands + KenPom/Torvik,,,basketball,google_ads_avg_12mo,2025-03,1000000
kenpom,110000,16,,informational,no (labs snapshot 2026-07-30),people_also_ask; perspectives; related_searches; knowledge_graph; images,skip: navigational (competitor/data brand),,,basketball,google_ads_avg_12mo,2026-03,368000
net rankings,60500,19,,informational,no (labs snapshot 2026-07-30),people_also_ask; product_considerations; related_searches; images,skip: navigational (competitor/data brand),,,basketball,google_ads_avg_12mo,2026-02,246000
college basketball scores,42432,,,informational,unchecked,,defer: men's CBB SERPs owned by big brands + KenPom/Torvik,,,basketball,"clickstream_raw (undercounts vs Ads, roughly 4-7x on this set)",2026-05,0
college basketball rankings,34292,,,informational,unchecked,,defer: men's CBB SERPs owned by big brands + KenPom/Torvik,,,basketball,"clickstream_raw (undercounts vs Ads, roughly 4-7x on this set)",2026-05,0
bart torvik,18100,6,,informational,no (labs snapshot 2026-09-02),images; related_searches,skip: navigational (competitor/data brand),,,basketball,google_ads_avg_12mo,2026-03,49500
college basketball odds,12100,49,2.12,informational,no (labs snapshot 2026-09-02),people_also_ask; related_searches; images,defer: men's CBB SERPs owned by big brands + KenPom/Torvik,,,basketball,google_ads_avg_12mo,2026-03,49500
march madness predictions,12100,16,,informational,yes (live 2026-10-04),ai_overview; people_also_ask; perspectives; related_searches,defer: men's CBB SERPs owned by big brands + KenPom/Torvik,,,basketball,google_ads_avg_12mo,2025-03,165000
march madness bracket predictions,12100,25,1.62,informational,yes (labs snapshot 2026-07-30),ai_overview; people_also_ask; video; images; related_searches,defer: men's CBB SERPs owned by big brands + KenPom/Torvik,,,basketball,google_ads_avg_12mo,2025-03,165000
ncaab picks,9900,37,,informational,no (labs snapshot 2026-07-30),related_searches; images,defer: men's CBB SERPs owned by big brands + KenPom/Torvik,,,basketball,google_ads_avg_12mo,2025-03,49500
ncaa bracket predictions,9900,34,,informational,yes (labs snapshot 2026-07-30),ai_overview; video; people_also_ask; perspectives; related_searches; images,defer: men's CBB SERPs owned by big brands + KenPom/Torvik,,,basketball,google_ads_avg_12mo,2025-03,135000
ncaa basketball odds,8100,59,8.89,informational,no (labs snapshot 2026-07-30),people_also_ask; related_searches; images,defer: men's CBB SERPs owned by big brands + KenPom/Torvik,,,basketball,google_ads_avg_12mo,2025-03,40500
bracket predictions,8100,77,,informational,yes (labs snapshot 2026-07-30),ai_overview; video; people_also_ask; images; related_searches,defer: men's CBB SERPs owned by big brands + KenPom/Torvik,,,basketball,google_ads_avg_12mo,2025-03,110000
ncaa basketball picks,6600,44,,informational,no (labs snapshot 2026-07-30),related_searches; images,defer: men's CBB SERPs owned by big brands + KenPom/Torvik,,,basketball,google_ads_avg_12mo,2025-03,27100
ncaa tournament odds,5400,46,12.73,informational,yes (labs snapshot 2026-09-03),ai_overview; related_searches; images,defer: men's CBB SERPs owned by big brands + KenPom/Torvik,,,basketball,google_ads_avg_12mo,2026-03,49500
cbb picks,4400,26,,informational,no (labs snapshot 2026-07-30),related_searches,defer: men's CBB SERPs owned by big brands + KenPom/Torvik,,,basketball,google_ads_avg_12mo,2026-03,14800
march madness odds,4400,73,,informational,no (labs snapshot 2026-09-03),people_also_ask; related_searches; images,defer: men's CBB SERPs owned by big brands + KenPom/Torvik,,,basketball,google_ads_avg_12mo,2025-03,49500
ncaab predictions,3600,41,,informational,no (labs snapshot 2026-07-30),people_also_ask; related_searches; images,defer: men's CBB SERPs owned by big brands + KenPom/Torvik,,,basketball,google_ads_avg_12mo,2025-03,14800
ncaa basketball predictions,3600,38,,informational,no (labs snapshot 2026-07-30),people_also_ask; related_searches; images,defer: men's CBB SERPs owned by big brands + KenPom/Torvik,,,basketball,google_ads_avg_12mo,2025-03,22200
final four predictions,3600,18,,informational,yes (labs snapshot 2026-07-30),ai_overview; people_also_ask; video; images; related_searches,defer: men's CBB SERPs owned by big brands + KenPom/Torvik,,,basketball,google_ads_avg_12mo,2025-03,40500
ncaab odds,2900,72,2.05,informational,no (labs snapshot 2026-07-30),related_searches; images,defer: men's CBB SERPs owned by big brands + KenPom/Torvik,,,basketball,google_ads_avg_12mo,2025-03,14800
march madness picks,2900,22,,informational,yes (labs snapshot 2026-07-31),ai_overview; people_also_ask; video; related_searches; images,defer: men's CBB SERPs owned by big brands + KenPom/Torvik,,,basketball,google_ads_avg_12mo,2025-03,40500
ncaa tournament predictions,2400,37,,informational,yes (labs snapshot 2026-07-31),ai_overview; people_also_ask; related_searches; images,defer: men's CBB SERPs owned by big brands + KenPom/Torvik,,,basketball,google_ads_avg_12mo,2025-03,40500
cbb predictions,1600,31,,informational,no (labs snapshot 2026-07-31),related_searches,defer: men's CBB SERPs owned by big brands + KenPom/Torvik,,,basketball,google_ads_avg_12mo,2026-02,5400
cbb odds,1600,72,,informational,no (labs snapshot 2026-07-31),people_also_ask; related_searches,defer: men's CBB SERPs owned by big brands + KenPom/Torvik,,,basketball,google_ads_avg_12mo,2026-03,6600
final four odds,1300,54,,informational,yes (labs snapshot 2026-08-01),ai_overview; people_also_ask; related_searches,defer: men's CBB SERPs owned by big brands + KenPom/Torvik,,,basketball,google_ads_avg_12mo,2026-03,9900
duke vs unc prediction,1000,0,,informational,yes (live 2026-10-04),ai_overview; people_also_ask; video; related_searches,defer: men's CBB SERPs owned by big brands + KenPom/Torvik,,,basketball,google_ads_avg_12mo,2025-03,12100
college basketball predictions,915,,,informational,unchecked,,defer: men's CBB SERPs owned by big brands + KenPom/Torvik,,,basketball,"clickstream_raw (undercounts vs Ads, roughly 4-7x on this set)",2026-05,0
college basketball power rankings,915,,,informational,unchecked,,defer: men's CBB SERPs owned by big brands + KenPom/Torvik,,,basketball,"clickstream_raw (undercounts vs Ads, roughly 4-7x on this set)",2026-05,0
college basketball picks,763,,,informational,volatile: yes then no (2 live checks 2026-10-04),people_also_ask; related_searches,defer: men's CBB SERPs owned by big brands + KenPom/Torvik,,,basketball,"clickstream_raw (undercounts vs Ads, roughly 4-7x on this set)",2026-05,0
duke vs north carolina prediction,720,0,,informational,yes (labs snapshot 2026-08-02),ai_overview; people_also_ask; related_searches,defer: men's CBB SERPs owned by big brands + KenPom/Torvik,,,basketball,google_ads_avg_12mo,2025-03,6600
college basketball best bets,508,,,commercial,unchecked,,defer: men's CBB SERPs owned by big brands + KenPom/Torvik,,,basketball,"clickstream_raw (undercounts vs Ads, roughly 4-7x on this set)",2026-05,0
college basketball picks today,407,,,informational,unchecked,,defer: men's CBB SERPs owned by big brands + KenPom/Torvik,,,basketball,"clickstream_raw (undercounts vs Ads, roughly 4-7x on this set)",2026-05,0
big ten tournament predictions,260,6,,informational,yes (labs snapshot 2026-09-10),ai_overview; people_also_ask; related_searches; images,defer: men's CBB SERPs owned by big brands + KenPom/Torvik,,,basketball,google_ads_avg_12mo,2025-03,4400
sec tournament predictions,110,11,,informational,yes (labs snapshot 2026-09-16),ai_overview; people_also_ask; related_searches; images,defer: men's CBB SERPs owned by big brands + KenPom/Torvik,,,basketball,google_ads_avg_12mo,2025-03,1900
college basketball betting,101,,,commercial,unchecked,,defer: men's CBB SERPs owned by big brands + KenPom/Torvik,,,basketball,"clickstream_raw (undercounts vs Ads, roughly 4-7x on this set)",2026-05,0
college basketball prediction model,50,,,informational,unchecked,,defer: men's CBB SERPs owned by big brands + KenPom/Torvik,,,basketball,"clickstream_raw (undercounts vs Ads, roughly 4-7x on this set)",2019-03,170
kentucky vs kansas prediction,10,0,,informational,no (labs snapshot 2024-12-11),,defer: men's CBB SERPs owned by big brands + KenPom/Torvik,,,basketball,google_ads_avg_12mo,2025-02,110
college basketball picks against the spread,,,,informational,unchecked,,defer: men's CBB SERPs owned by big brands + KenPom/Torvik,,,basketball,no data (Ads null; Labs has no record),2026-05,0
college basketball computer picks,,,,informational,unchecked,,defer: men's CBB SERPs owned by big brands + KenPom/Torvik,,,basketball,no data (Ads null; Labs has no record),2026-05,0
college basketball national championship odds,,,,,unchecked,,defer: men's CBB SERPs owned by big brands + KenPom/Torvik,,,basketball,no data (Ads null; Labs has no record),,
free college basketball picks,0,,,informational,unchecked,,defer: men's CBB SERPs owned by big brands + KenPom/Torvik,,,basketball,"clickstream_raw (undercounts vs Ads, roughly 4-7x on this set)",2026-05,0
expert college basketball picks,,,,,unchecked,,defer: men's CBB SERPs owned by big brands + KenPom/Torvik,,,basketball,no data (Ads null; Labs has no record),,
college basketball betting trends,0,,,informational,unchecked,,defer: men's CBB SERPs owned by big brands + KenPom/Torvik,,,basketball,"clickstream_raw (undercounts vs Ads, roughly 4-7x on this set)",2026-05,0
college football scores,2240000,73,11.65,informational,no (labs snapshot 2026-09-02),related_searches; images,defer: CFB SERPs owned by Covers/Pickswise/CBS + AIO + Top Stories,,,football,google_ads_avg_12mo,2024-11,9140000
college football rankings,183468,95,,informational,unchecked,,defer: CFB SERPs owned by Covers/Pickswise/CBS + AIO + Top Stories,,,football,"clickstream_raw (undercounts vs Ads, roughly 4-7x on this set)",2026-05,0
heisman odds,74000,27,7.43,informational,yes (labs snapshot 2026-09-02),ai_overview; perspectives; related_searches; images,defer: CFB SERPs owned by Covers/Pickswise/CBS + AIO + Top Stories,,,football,google_ads_avg_12mo,2025-11,368000
cfp predictions,40500,26,9.39,informational,no (labs snapshot 2026-07-30),top_stories; people_also_ask; perspectives; related_searches; images,defer: CFB SERPs owned by Covers/Pickswise/CBS + AIO + Top Stories,,,football,google_ads_avg_12mo,2024-12,301000
college football odds,27100,71,1.78,informational,no (labs snapshot 2026-09-02),people_also_ask; perspectives; related_searches; images,defer: CFB SERPs owned by Covers/Pickswise/CBS + AIO + Top Stories,,,football,google_ads_avg_12mo,2025-11,74000
college football picks,18100,56,4.83,informational,volatile: yes then no (2 live checks 2026-10-04),top_stories; people_also_ask; perspectives; related_searches,defer: CFB SERPs owned by Covers/Pickswise/CBS + AIO + Top Stories,,,football,google_ads_avg_12mo,2024-10,90500
bowl predictions,14800,29,,informational,yes (labs snapshot 2026-07-30),ai_overview; related_searches; images,defer: CFB SERPs owned by Covers/Pickswise/CBS + AIO + Top Stories,,,football,google_ads_avg_12mo,2024-12,165000
bowl game predictions,14800,23,,informational,no (labs snapshot 2026-08-03),related_searches,defer: CFB SERPs owned by Covers/Pickswise/CBS + AIO + Top Stories,,,football,google_ads_avg_12mo,2024-12,165000
ncaa football odds,9900,74,1.4,informational,no (labs snapshot 2026-08-03),perspectives; related_searches; images,defer: CFB SERPs owned by Covers/Pickswise/CBS + AIO + Top Stories,,,football,google_ads_avg_12mo,2024-10,33100
ncaaf picks,8100,37,4.19,informational,no (labs snapshot 2026-07-30),related_searches,defer: CFB SERPs owned by Covers/Pickswise/CBS + AIO + Top Stories,,,football,google_ads_avg_12mo,2024-11,27100
ncaaf odds,8100,71,2.36,informational,no (labs snapshot 2026-07-30),people_also_ask; related_searches; images,defer: CFB SERPs owned by Covers/Pickswise/CBS + AIO + Top Stories,,,football,google_ads_avg_12mo,2025-10,22200
ohio state vs michigan prediction,6600,0,3.68,informational,yes (labs snapshot 2026-07-30),ai_overview; people_also_ask; related_searches,defer: CFB SERPs owned by Covers/Pickswise/CBS + AIO + Top Stories,,,football,google_ads_avg_12mo,2025-11,60500
ncaa football picks,4400,40,4.32,informational,no (labs snapshot 2026-07-30),related_searches; images,defer: CFB SERPs owned by Covers/Pickswise/CBS + AIO + Top Stories,,,football,google_ads_avg_12mo,2024-11,18100
college football betting,3600,74,25.15,commercial,no (labs snapshot 2026-09-03),top_stories; people_also_ask; video; related_searches; images,defer: CFB SERPs owned by Covers/Pickswise/CBS + AIO + Top Stories,,,football,google_ads_avg_12mo,2024-11,135000
cfb odds,3600,75,2.43,informational,no (labs snapshot 2026-07-30),related_searches; images,defer: CFB SERPs owned by Covers/Pickswise/CBS + AIO + Top Stories,,,football,google_ads_avg_12mo,2025-12,9900
ncaa football predictions,3600,31,7.37,informational,yes (labs snapshot 2026-07-30),ai_overview; people_also_ask; related_searches; images,defer: CFB SERPs owned by Covers/Pickswise/CBS + AIO + Top Stories,,,football,google_ads_avg_12mo,2024-11,12100
fpi rankings,3600,14,,informational,no (labs snapshot 2026-07-30),people_also_ask; perspectives; video; related_searches; images,skip: navigational (competitor/data brand),,,football,google_ads_avg_12mo,2024-11,12100
ncaaf predictions,2900,32,4.75,informational,no (labs snapshot 2026-09-03),perspectives; related_searches; images,defer: CFB SERPs owned by Covers/Pickswise/CBS + AIO + Top Stories,,,football,google_ads_avg_12mo,2025-10,9900
cfb picks,2900,26,7.89,informational,no (labs snapshot 2026-09-04),top_stories; related_searches; images,defer: CFB SERPs owned by Covers/Pickswise/CBS + AIO + Top Stories,,,football,google_ads_avg_12mo,2025-10,9900
cfb predictions,2900,27,9.88,informational,no (labs snapshot 2026-07-31),video; people_also_ask; related_searches; images,defer: CFB SERPs owned by Covers/Pickswise/CBS + AIO + Top Stories,,,football,google_ads_avg_12mo,2025-11,8100
texas vs oklahoma prediction,2900,0,5.31,informational,yes (live 2026-10-04),ai_overview; people_also_ask; related_searches,defer: CFB SERPs owned by Covers/Pickswise/CBS + AIO + Top Stories,,,football,google_ads_avg_12mo,2025-10,27100
college football power rankings,2594,,,informational,unchecked,,defer: CFB SERPs owned by Covers/Pickswise/CBS + AIO + Top Stories,,,football,"clickstream_raw (undercounts vs Ads, roughly 4-7x on this set)",2026-08,0
college football playoff predictions,2543,,,informational,unchecked,,defer: CFB SERPs owned by Covers/Pickswise/CBS + AIO + Top Stories,,,football,"clickstream_raw (undercounts vs Ads, roughly 4-7x on this set)",2026-08,0
georgia vs florida prediction,2400,0,,informational,yes (labs snapshot 2026-07-31),ai_overview; people_also_ask; video; related_searches; images,defer: CFB SERPs owned by Covers/Pickswise/CBS + AIO + Top Stories,,,football,google_ads_avg_12mo,2025-11,14800
college football predictions,2187,,,informational,no (live 2026-10-04),top_stories; perspectives; related_searches,defer: CFB SERPs owned by Covers/Pickswise/CBS + AIO + Top Stories,,,football,"clickstream_raw (undercounts vs Ads, roughly 4-7x on this set)",2026-05,0
lsu vs alabama prediction,1900,0,,informational,yes (labs snapshot 2026-09-04),ai_overview; people_also_ask; related_searches; images,defer: CFB SERPs owned by Covers/Pickswise/CBS + AIO + Top Stories,,,football,google_ads_avg_12mo,2024-11,40500
texas vs texas a&m prediction,1900,0,,informational,yes (labs snapshot 2026-09-04),ai_overview; people_also_ask; perspectives; related_searches,defer: CFB SERPs owned by Covers/Pickswise/CBS + AIO + Top Stories,,,football,google_ads_avg_12mo,2024-11,27100
college football playoff odds,1882,,,informational,unchecked,,defer: CFB SERPs owned by Covers/Pickswise/CBS + AIO + Top Stories,,,football,"clickstream_raw (undercounts vs Ads, roughly 4-7x on this set)",2026-08,0
college football picks against the spread,1831,,,commercial,unchecked,,defer: CFB SERPs owned by Covers/Pickswise/CBS + AIO + Top Stories,,,football,"clickstream_raw (undercounts vs Ads, roughly 4-7x on this set)",2026-05,0
alabama vs tennessee prediction,1300,0,,informational,yes (live 2026-10-04),ai_overview; people_also_ask; related_searches,defer: CFB SERPs owned by Covers/Pickswise/CBS + AIO + Top Stories,,,football,google_ads_avg_12mo,2024-10,33100
bowl game picks,720,27,0.8,informational,yes (labs snapshot 2026-08-02),ai_overview; related_searches; images,defer: CFB SERPs owned by Covers/Pickswise/CBS + AIO + Top Stories,,,football,google_ads_avg_12mo,2024-12,9900
college football best bets,661,55,,commercial,unchecked,,defer: CFB SERPs owned by Covers/Pickswise/CBS + AIO + Top Stories,,,football,"clickstream_raw (undercounts vs Ads, roughly 4-7x on this set)",2026-05,0
college football picks today,203,,,informational,unchecked,,defer: CFB SERPs owned by Covers/Pickswise/CBS + AIO + Top Stories,,,football,"clickstream_raw (undercounts vs Ads, roughly 4-7x on this set)",2026-07,0
free college football picks,152,,,informational,unchecked,,defer: CFB SERPs owned by Covers/Pickswise/CBS + AIO + Top Stories,,,football,"clickstream_raw (undercounts vs Ads, roughly 4-7x on this set)",2026-05,0
college football national championship odds,101,,,informational,unchecked,,defer: CFB SERPs owned by Covers/Pickswise/CBS + AIO + Top Stories,,,football,"clickstream_raw (undercounts vs Ads, roughly 4-7x on this set)",2026-07,0
how to bet on college football,101,,,informational,unchecked,,"drop: generic how-to, AIO-answered (fold a short legality note into hub FAQ)",,,football,"clickstream_raw (undercounts vs Ads, roughly 4-7x on this set)",2026-05,0
sp plus rankings,90,,,,unchecked,,skip: navigational (competitor/data brand),,,football,google_ads_avg_12mo,2025-11,260
college football computer picks,0,,,informational,unchecked,,defer: CFB SERPs owned by Covers/Pickswise/CBS + AIO + Top Stories,,,football,"clickstream_raw (undercounts vs Ads, roughly 4-7x on this set)",2026-05,0
college football prediction model,,,,informational,unchecked,,defer: CFB SERPs owned by Covers/Pickswise/CBS + AIO + Top Stories,,,football,no data (Ads null; Labs has no record),2026-06,0
college football betting trends,,,,commercial,unchecked,,defer: CFB SERPs owned by Covers/Pickswise/CBS + AIO + Top Stories,,,football,no data (Ads null; Labs has no record),2026-05,0
college soccer rankings,2543,55,,informational,unchecked,,out of scope v1 (no betting market / not planned),,,other,"clickstream_raw (undercounts vs Ads, roughly 4-7x on this set)",2026-05,0
college wrestling rankings,2086,,,informational,unchecked,,out of scope v1 (no betting market / not planned),,,other,"clickstream_raw (undercounts vs Ads, roughly 4-7x on this set)",2026-05,0
college soccer predictions,,,,informational,unchecked,,out of scope v1 (no betting market / not planned),,,other,no data (Ads null; Labs has no record),2026-05,0
college wrestling predictions,,,,informational,unchecked,,out of scope v1 (no betting market / not planned),,,other,no data (Ads null; Labs has no record),2026-05,0
college player props,0,,,transactional,unchecked,,"drop: college player props (state bans, NCAA opposition)",,,,"clickstream_raw (undercounts vs Ads, roughly 4-7x on this set)",2026-05,0
