keyword,serp_time_utc,depth,results_count,aio_present,aio_async,aio_first_run,aio_cited_domains,serp_features,top10_domains,big_brands_in_top10,prediction_markets_in_top20,top10_dated_before_2026,cost,file
alabama vs tennessee prediction,2026-10-04 22:51,30,108,yes,True,,si.com; support.google.com; vegasinsider.com,ai_overview; people_also_ask; related_searches,youtube.com; espn.com; vegasinsider.com; facebook.com; si.com; sports.yahoo.com; youtube.com; rolltide.com; facebook.com; knoxnews.com,4,0,6,0.007,serp-alabama-vs-tennessee-prediction.json
college baseball picks,2026-10-04 22:53,30,114000,yes,True,no,,ai_overview; related_searches; images,d1baseball.com; actionnetwork.com; reddit.com; youtube.com; on3.com; sportsgamblingpodcast.com; rotowire.com; reddit.com; ncaa.com; actionnetwork.com,3,0,2,0.007,serp-college-baseball-picks.json
college baseball rankings,2026-10-04 22:51,20,124,yes,False,,baseballamerica.com; ncaa.com,ai_overview; perspectives; people_also_ask; related_searches,ncaa.com; theuscaa.com; ncsasports.org; secsports.com; ncsasports.org; en.wikipedia.org; ncaa.com; youtube.com; collegebaseballratings.com; warrennolan.com,0,0,0,0.0035,serp-college-baseball-rankings.json
college basketball picks,2026-10-04 22:54,30,508,no,,yes,,people_also_ask; related_searches,cbssports.com; covers.com; sportsgamblingpodcast.com; pickdawgz.com; actionnetwork.com; pickswise.com; docsports.com; dratings.com; oddstrader.com; sportsbookreview.com,7,0,0,0.005,serp-college-basketball-picks.json
college football picks,2026-10-04 22:54,30,2020,no,,yes,,top_stories; people_also_ask; perspectives; related_searches,covers.com; pickswise.com; cbssports.com; youtube.com; sportsgamblingpodcast.com; collegefootballpoll.com; youtube.com; wunderdog.com; pickdawgz.com; collegefootballnews.com,3,0,0,0.005,serp-college-football-picks.json
college football predictions,2026-10-04 22:53,30,2180,no,,,,top_stories; perspectives; related_searches,covers.com; pickswise.com; youtube.com; collegefootballnews.com; cbssports.com; dimers.com; pickdawgz.com; collegefootballpoll.com; youtube.com; wunderdog.com,4,0,0,0.005,serp-college-football-predictions.json
college hockey picks,2026-10-04 22:54,30,449,no,,no,,people_also_ask; video; related_searches; images,collegehockeynews.com; ncaa.com; uscho.com; collegehockeyinsider.com; usahockey.com; collegehockeyinc.com; x.com; espn.com; sportsbook.draftkings.com; neutralzone.com,1,1,0,0.005,serp-college-hockey-picks.json
college lacrosse picks,2026-10-04 22:54,30,133,no,,no,,related_searches,x.com; lacrossereference.com; kalshi.com; insidelacrosse.com; fanlax.com; masseyratings.com; x.com; sticksinlacrosse.com; sportsbook.fanduel.com; espn.com,2,1,1,0.005,serp-college-lacrosse-picks.json
college softball picks,2026-10-04 22:50,20,196,yes,True,,facebook.com; ncaa.com; on3.com; sportingnews.com; sports.yahoo.com; statesman.com; warrennolan.com,ai_overview; people_also_ask; video; related_searches; images,ncaa.com; warrennolan.com; ncaa.com; facebook.com; sports.yahoo.com; nfca.org; d1softball.com; facebook.com; ncaa.com; facebook.com,1,1,0,0.0055,serp-college-softball-picks.json
college volleyball predictions,2026-10-04 22:54,30,135,yes,True,yes,facebook.com,ai_overview; perspectives; video,statesman.com; facebook.com; ncaa.com; volleytalk.proboards.com; facebook.com; ncaa.com; facebook.com; espn.com.au; ncaa.com; facebook.com,0,1,5,0.007,serp-college-volleyball-predictions.json
college world series odds,2026-10-04 22:51,20,118000,yes,False,,cbssports.com; sports.yahoo.com; vegasinsider.com; youtube.com,ai_overview; people_also_ask; images; related_searches,reddit.com; on3.com; gambling911.com; actionnetwork.com; sportsgamblingpodcast.com; registry.milkroad.com; facebook.com; dknetwork.draftkings.com; sports.yahoo.com; actionnetwork.com,4,0,3,0.0035,serp-college-world-series-odds.json
duke vs unc prediction,2026-10-04 22:52,30,113000,yes,True,,support.google.com,ai_overview; people_also_ask; video; related_searches,dukewire.usatoday.com; dimers.com; covers.com; forums.dukebasketballreport.com; reddit.com; masslive.com; youtube.com; dknetwork.draftkings.com; reddit.com; fayobserver.com,4,1,2,0.007,serp-duke-vs-unc-prediction.json
how to bet on college baseball,2026-10-04 22:53,30,137000,yes,True,,actionnetwork.com; bettingpros.com; caesars.com; onlinebetting.com; pregame.com; reddit.com; sportsline.com; youtube.com,ai_overview; people_also_ask; related_searches,reddit.com; open.spotify.com; actionnetwork.com; pregame.com; bettingpros.com; youtube.com; foxsports.com; rotowire.com; si.com; sportsgamblingpodcast.com,5,0,4,0.007,serp-how-to-bet-on-college-baseball.json
lsu vs tennessee baseball prediction,2026-10-04 22:52,30,135,yes,True,,si.com; sports.yahoo.com,ai_overview; people_also_ask; related_searches,sports.yahoo.com; lsutigerswire.usatoday.com; actionnetwork.com; facebook.com; warrennolan.com; si.com; kalshi.com; utsports.com; reddit.com; youtube.com,4,1,0,0.007,serp-lsu-vs-tennessee-baseball-prediction.json
march madness predictions,2026-10-04 22:51,20,138000,yes,False,,cbssports.com; natesilver.net; ncaa.com,ai_overview; people_also_ask; perspectives; related_searches,hoopshd.com; 247sports.com; reddit.com; si.com; sports.yahoo.com; ncaa.com; reddit.com; covers.com; reddit.com; zipsnation.org,3,0,0,0.0035,serp-march-madness-predictions.json
michigan vs michigan state hockey prediction,2026-10-04 22:52,30,719000,yes,True,,mgoblog.com; si.com; sports.yahoo.com,ai_overview; people_also_ask; related_searches; images,sports.yahoo.com; sofascore.com; kalshi.com; reddit.com; 247sports.com; facebook.com; roundtable.io; sports.yahoo.com; reddit.com; rotowire.com,3,2,1,0.007,serp-michigan-vs-michigan-state-hockey-prediction.json
ncaa volleyball rpi,2026-10-04 22:53,30,120,yes,False,,en.wikipedia.org; facebook.com; ncaa.com,ai_overview; related_searches,avca.org; volleytalk.proboards.com; en.wikipedia.org; facebook.com; ncaa.com; ncaa.com; facebook.com; ncaa.com; realtimerpi.com; d3vbwest.wordpress.com,0,0,3,0.005,serp-ncaa-volleyball-rpi.json
nebraska vs penn state volleyball prediction,2026-10-04 22:53,30,50300,yes,True,,centralnebraskatoday.com; collegian.psu.edu; foxsports.com; foxsportsradio1310.com; hastingstribune.com; sports.yahoo.com,ai_overview; video; people_also_ask; images,facebook.com; volleytalk.proboards.com; forum.huskermax.com; reddit.com; facebook.com; cornnation.com; forum.huskermax.com; facebook.com; facebook.com; nbcsports.com,1,0,5,0.007,serp-nebraska-vs-penn-state-volleyball-prediction.json
south carolina vs uconn prediction,2026-10-04 22:52,30,94100,yes,True,,facebook.com; nbcsports.com; polymarket.com; support.google.com; vegasodds.com,ai_overview; people_also_ask; video; images; related_searches,nbcsports.com; reddit.com; forebet.com; facebook.com; the-boneyard.com; dimers.com; actionnetwork.com; vegasodds.com; reddit.com; facebook.com,3,0,0,0.007,serp-south-carolina-vs-uconn-prediction.json
texas vs oklahoma prediction,2026-10-04 22:53,30,163,yes,False,yes,burntorangenation.com; covers.com; support.google.com,ai_overview; people_also_ask; related_searches,youtube.com; longhornswire.usatoday.com; sportschatplace.com; vegasinsider.com; cbssports.com; youtube.com; covers.com; burntorangenation.com; actionnetwork.com; si.com,6,0,7,0.005,serp-texas-vs-oklahoma-prediction.json
women's college basketball picks,2026-10-04 22:50,20,319,yes,True,,espn.com; kalshi.com; ncaa.com,ai_overview; related_searches,cbssports.com; dimers.com; herhoopstats.com; espn.com; youtube.com; foxsports.com; covers.com; pickswise.com; betmgm.ca; youtube.com,6,1,0,0.0055,serp-womens-college-basketball-picks.json
